{
    "cross_validation": {
        "mixed_fold_1": {
            "train_loss": [
                0.543872746715943,
                0.35253702368587253,
                0.30564429276809096,
                0.27237077594424286,
                0.24905348672904074,
                0.2289364818794032,
                0.21083640628991027,
                0.1568419934886818,
                0.14074434633459895,
                0.132433020351377,
                0.12561692255184365,
                0.12047843601251952,
                0.11507306108305541,
                0.11023027358677549,
                0.10090520849078893,
                0.0985146368224717,
                0.09927314937626942,
                0.09675990796578117,
                0.09733180548188587,
                0.09556173382909038,
                0.09504587967779177,
                0.09429266980177878,
                0.09535803706160126,
                0.09414749631561184,
                0.09495982788995995,
                0.09343707252984557,
                0.09437416423764079
            ],
            "train_accuracy": [
                80.43541666666667,
                87.41979166666667,
                89.19166666666666,
                90.334375,
                91.06666666666666,
                91.78854166666666,
                92.4375,
                94.31875,
                94.93541666666667,
                95.09583333333333,
                95.48645833333333,
                95.625,
                95.8375,
                96.021875,
                96.4,
                96.5,
                96.47916666666667,
                96.57291666666667,
                96.52916666666667,
                96.58229166666666,
                96.59479166666667,
                96.6875,
                96.596875,
                96.61354166666666,
                96.67291666666667,
                96.67916666666666,
                96.61875
            ],
            "val_loss": [
                0.19224822647628995
            ],
            "val_accuracy": [
                93.6
            ]
        },
        "mixed_fold_2": {
            "train_loss": [
                0.5454837679291765,
                0.35662217732518914,
                0.3031319458646079,
                0.27042463948080936,
                0.24465838309191168,
                0.22770461035023132,
                0.21053052366835376,
                0.15721791965855905,
                0.1405773072158918,
                0.13265118181488167,
                0.1259614738980308,
                0.11988266467264233,
                0.11278404535911978,
                0.10898071580931235,
                0.09968602773562694,
                0.09841600004180025,
                0.09688466544868425,
                0.09636843060151053,
                0.09540615972077164,
                0.09617759359581396,
                0.09531410732710113,
                0.09246035940526054,
                0.09413061464907757,
                0.09376306172343903,
                0.09320872182433959,
                0.09346782678551972,
                0.09483514250574324
            ],
            "train_accuracy": [
                80.415625,
                87.275,
                89.17395833333333,
                90.33854166666667,
                91.20625,
                91.85,
                92.38854166666667,
                94.25208333333333,
                94.90729166666667,
                95.16145833333333,
                95.35416666666667,
                95.628125,
                95.98645833333333,
                96.065625,
                96.45729166666666,
                96.48541666666667,
                96.56770833333333,
                96.59166666666667,
                96.60833333333333,
                96.63229166666666,
                96.60104166666666,
                96.74791666666667,
                96.63958333333333,
                96.66979166666667,
                96.68333333333334,
                96.696875,
                96.6625
            ],
            "val_loss": [
                0.20074182279221714
            ],
            "val_accuracy": [
                93.3375
            ]
        },
        "mixed_fold_3": {
            "train_loss": [
                0.5441616985698541,
                0.3576094925502936,
                0.30387131552770735,
                0.2714170263372362,
                0.24925452057955166,
                0.22784037093445658,
                0.21278938572605452,
                0.15772314927711462,
                0.1424716940835739,
                0.1326352533303822,
                0.12752648340553666,
                0.12219057828250031,
                0.11679820452878872,
                0.11176288816231923,
                0.10289632182149216,
                0.10163573376865437,
                0.09977148499064303,
                0.10005743520194664,
                0.09839388296101242,
                0.09905087556247599,
                0.09619902395014651,
                0.0974749066400497,
                0.09643072290703034,
                0.09551218178650984,
                0.09650517516831557,
                0.09480140659523507,
                0.09518136662287482,
                0.09486872981364529,
                0.09616292004900363
            ],
            "train_accuracy": [
                80.39270833333333,
                87.31145833333333,
                89.046875,
                90.33854166666667,
                91.04166666666667,
                91.79166666666667,
                92.38645833333334,
                94.24270833333334,
                94.78020833333333,
                95.19895833333334,
                95.40416666666667,
                95.61354166666666,
                95.803125,
                95.99375,
                96.34583333333333,
                96.36875,
                96.440625,
                96.40520833333333,
                96.47604166666666,
                96.45729166666666,
                96.57604166666667,
                96.56666666666666,
                96.56145833333333,
                96.678125,
                96.56666666666666,
                96.63958333333333,
                96.60625,
                96.65416666666667,
                96.60208333333334
            ],
            "val_loss": [
                0.194855508774907
            ],
            "val_accuracy": [
                93.4875
            ]
        },
        "mixed_fold_4": {
            "train_loss": [
                0.5468531464288632,
                0.3632897713662436,
                0.30700302838658294,
                0.27407537141566474,
                0.2512476844638586,
                0.22971005856913204,
                0.21313897039523969,
                0.1559041970303903,
                0.14189356246528526,
                0.13397136836467932,
                0.12681412518334886,
                0.12081606190977619,
                0.11659244102270652,
                0.11127952750042702,
                0.10295278192478387,
                0.09960837941154993,
                0.1005035096037512,
                0.09839617613062729,
                0.09758768895540076,
                0.0983283611042037,
                0.09759242620699418,
                0.0961890116071639,
                0.09646308787190355,
                0.09560203639999963,
                0.09672589228170303,
                0.09511376153654419,
                0.09534240055406311,
                0.09513146876819277,
                0.09541597127603987,
                0.09449965619443294,
                0.09594735697447322,
                0.09511692955740728,
                0.09489907930977642,
                0.09424424590837831,
                0.09640919307976341
            ],