{
    "cross_validation": {
        "polluted_fold_1": {
            "train_loss": [
                0.6250642485817274,
                0.42785559862852096,
                0.3699331564505895,
                0.3393973104357719,
                0.310544334123532,
                0.296086019496123,
                0.28026955285668376,
                0.22285768761237462,
                0.20823293289045494,
                0.20196345051129658,
                0.1956824841797352,
                0.1934694113632043,
                0.18604046465953192,
                0.17986451833943526,
                0.17102735875546932,
                0.16990962174286445,
                0.16711782993872962,
                0.16814970803260804,
                0.1669227495243152,
                0.16550779807070892,
                0.16429607644677163,
                0.16430623356501262,
                0.16388512440025807,
                0.16359531773626804,
                0.16526990888764462
            ],
            "train_accuracy": [
                77.22916666666667,
                84.57916666666667,
                86.53125,
                87.7625,
                88.70833333333333,
                89.34375,
                89.82916666666667,
                91.77916666666667,
                92.33958333333334,
                92.61041666666667,
                92.72708333333334,
                92.76041666666667,
                93.17291666666667,
                93.39375,
                93.65,
                93.76875,
                93.82291666666667,
                93.73541666666667,
                93.82916666666667,
                93.97916666666667,
                93.92291666666667,
                93.8875,
                93.85625,
                93.85208333333334,
                93.775
            ],
            "val_loss": [
                0.22307913128207338
            ],
            "val_accuracy": [
                91.98333333333333
            ]
        },
        "polluted_fold_2": {
            "train_loss": [
                0.6110585781733195,
                0.4163419583837191,
                0.3551047151188056,
                0.33229820284247397,
                0.3052244687080383,
                0.29487069781621295,
                0.27851465833187106,
                0.22295815817515055,
                0.20804806622862815,
                0.19932195493082205,
                0.19279251814881962,
                0.1883694754888614,
                0.18138113159686328,
                0.17760397611310086,
                0.16868096037209035,
                0.1649429368202885,
                0.16423595602810384,
                0.16468726213276386,
                0.1649413649936517,
                0.16367488873998323,
                0.16045519437889258,
                0.1609122756049037,
                0.1618549656247099,
                0.16262399773051342,
                0.16247772054125864,
                0.160105909238259,
                0.1607157788698872,
                0.16144040639946858,
                0.16288177545865376,
                0.16246463798979918,
                0.16067112161715824
            ],
            "train_accuracy": [
                77.93333333333334,
                85.05416666666666,
                87.26458333333333,
                88.08541666666666,
                89.04375,
                89.30625,
                89.89375,
                91.97291666666666,
                92.375,
                92.63333333333334,
                92.74583333333334,
                93.06041666666667,
                93.23541666666667,
                93.36041666666667,
                93.7,
                93.81458333333333,
                93.76041666666667,
                93.86666666666666,
                93.82708333333333,
                93.95625,
                94.05833333333334,
                94.03958333333334,
                94.00416666666666,
                93.85625,
                93.9,
                94.07083333333334,
                93.98333333333333,
                93.99583333333334,
                93.94583333333334,
                94.00625,
                93.97708333333334
            ],
            "val_loss": [
                0.21389674708405707
            ],
            "val_accuracy": [
                92.425
            ]
        },
        "polluted_fold_3": {
            "train_loss": [
                0.6242484234968821,
                0.42378699870904285,
                0.3721426346699397,
                0.3378381693561872,
                0.31222862298289933,
                0.2982286285261313,
                0.2819312561651071,
                0.2271595693230629,
                0.2110407603085041,
                0.20137119324008623,
                0.19640426429112753,
                0.18905236842731635,
                0.18386174554129442,
                0.17864220956464608,
                0.1722991674641768,
                0.16938092433412869,
                0.16807478188971678,
                0.16745818448563418,
                0.1645526932279269,
                0.16272535053888956,
                0.16703837139407793,
                0.16178248249987762,
                0.16434275625646114,
                0.16297054390609264,
                0.16387899983425935
            ],
            "train_accuracy": [
                77.22708333333334,
                84.70416666666667,
                86.6,
                87.74375,
                88.8375,
                89.25208333333333,
                89.92916666666666,
                91.67916666666666,
                92.31041666666667,
                92.66458333333334,
                92.71041666666666,
                93.06458333333333,
                93.075,
                93.37291666666667,
                93.56041666666667,
                93.69375,
                93.79166666666667,
                93.76875,
                93.84791666666666,
                93.99375,
                93.77083333333333,
                93.99375,
                93.80208333333333,
                93.87916666666666,
                93.92708333333333
            ],
            "val_loss": [
                0.21733700044136098
            ],
            "val_accuracy": [
                92.0
            ]
        },
        "polluted_fold_4": {
            "train_loss": [
                0.6263047285079956,
                0.4321438662409782,
                0.3672632437149684,
                0.33665663381417593,
                0.31243956154584884,
                0.29730969200531643,
                0.2805145529905955,
                0.2231856418500344,
                0.20665700328350067,
                0.19932569214204948,
                0.19195886888106664,
                0.18787794307867686,
                0.18390499897301196,
                0.1798951789488395,
                0.1726854081004858,
                0.16807928295930227,
                0.16902974717815716,
                0.16544554554919402,
                0.16698876984169087,
                0.1659990186567108,
                0.16588628752032916,
                0.1642590573007862,
                0.16249812014152606,
                0.1625782474130392,
                0.16172795062760512,
                0.16373850617557764,
                0.16400735136369865
            ],