{
    "cross_validation": {
        "original_fold_1": {
            "train_loss": [
                0.4789864169458548,
                0.30816472008824347,
                0.2563308949073156,
                0.2238740155349175,
                0.20196048345168433,
                0.17833215044190487,
                0.160034793458879,
                0.08859209487897654,
                0.06536131158781548,
                0.04928404512442648,
                0.036543210118232916,
                0.025978845395497045,
                0.017286007842747496,
                0.012999008041399066,
                0.006598003032782193,
                0.004826852807816371,
                0.00402566493118502,
                0.003202031223864954,
                0.0030408030872470892,
                0.0023153928688843736,
                0.0020939583556695046,
                0.0019678649726629373,
                0.001773923240055107,
                0.0014941036790720925,
                0.001442040911263272,
                0.001542262361406756,
                0.001463193976259087,
                0.0015576945527567053,
                0.0013225878648936487
            ],
            "train_accuracy": [
                82.86875,
                89.11666666666666,
                90.925,
                91.9,
                92.81666666666666,
                93.75416666666666,
                94.37291666666667,
                96.83958333333334,
                97.75625,
                98.29375,
                98.74375,
                99.17916666666666,
                99.43125,
                99.56666666666666,
                99.83958333333334,
                99.875,
                99.90625,
                99.93541666666667,
                99.92291666666667,
                99.95,
                99.95208333333333,
                99.95,
                99.95,
                99.975,
                99.96875,
                99.96041666666666,
                99.9625,
                99.96666666666667,
                99.95833333333333
            ],
            "val_loss": [
                0.44032545743554713
            ],
            "val_accuracy": [
                93.46666666666667
            ]
        },
        "original_fold_2": {
            "train_loss": [
                0.4763610316316287,
                0.30602132442593577,
                0.2573671221832434,
                0.2214987797240416,
                0.20116101012627283,
                0.18341700953741868,
                0.15747497465461494,
                0.08504203297632436,
                0.062214495856004456,
                0.047626951682536556,
                0.035555473102101436,
                0.02523109022233014,
                0.018752997179826102,
                0.013393482636058858,
                0.007945857517324233,
                0.005829953145449205,
                0.004867635955655715,
                0.004218255575862713,
                0.003570281026579323,
                0.0034438534645451,
                0.0026561604669889977,
                0.0026889076206983494,
                0.0024106803440663497,
                0.002123831928387517,
                0.002309805291091228,
                0.002315789700197153,
                0.0024107309854613655,
                0.001896236306377735,
                0.0021250854951455644,
                0.0021957124750576137,
                0.002184212064317156,
                0.0022252406932069184,
                0.0020651908572132623
            ],
            "train_accuracy": [
                83.20208333333333,
                89.13958333333333,
                90.70833333333333,
                92.0625,
                92.84583333333333,
                93.47916666666667,
                94.44166666666666,
                97.01875,
                97.86875,
                98.35,
                98.84375,
                99.20208333333333,
                99.425,
                99.625,
                99.7875,
                99.87083333333334,
                99.89375,
                99.91458333333334,
                99.91875,
                99.925,
                99.95208333333333,
                99.95,
                99.95208333333333,
                99.95833333333333,
                99.95,
                99.95208333333333,
                99.94583333333334,
                99.96458333333334,
                99.9625,
                99.95833333333333,
                99.96041666666666,
                99.95,
                99.95833333333333
            ],
            "val_loss": [
                0.4543752546609191
            ],
            "val_accuracy": [
                93.13333333333334
            ]
        },
        "original_fold_3": {
            "train_loss": [
                0.49830914568901064,
                0.3156985832452774,
                0.26423804893096287,
                0.23073267205556233,
                0.2059325846383969,
                0.1821766916786631,
                0.16639163313806057,
                0.09084900743017595,
                0.0651356182967623,
                0.05108350031543523,
                0.0380345789239509,
                0.028137013450497763,
                0.020163461051920118,
                0.013772971094178502,
                0.008124788799497764,
                0.006169844152983084,
                0.005134038702987406,
                0.004283185730664021,
                0.0034616729361441685,
                0.003551434075134845,
                0.0028308283941053864,
                0.0023724706115863226,
                0.0024068250367527072,
                0.002157258693727272,
                0.002064402663992951,
                0.0021363997053892186,
                0.0018665696504710165,
                0.0019329780658724,
                0.0018122334263789527,
                0.0019107204156304457,
                0.001800529261114813,
                0.0019257682907918934,
                0.0018578555560458578,
                0.0019109396758467483,
                0.001947903118734151,
                0.002018707924199892,
                0.001926352838607272,
                0.0019446535620227224,
                0.0020035214189811088,
                0.0019312029921359985,
                0.0018238846419966043,
                0.0019814393831644943
            ],
            "train_accuracy": [
                82.275,
                88.68541666666667,
                90.45208333333333,
                91.77916666666667,
                92.65208333333334,
                93.5,
                94.1,
                96.80833333333334,
                97.6625,
                98.18958333333333,
                98.70833333333333,
                99.07083333333334,
                99.36666666666666,
                99.55416666666666,
                99.76041666666667,
                99.82916666666667,
                99.88541666666667,
                99.87291666666667,
                99.90625,
                99.91041666666666,
                99.92708333333333,
                99.93541666666667,
                99.9375,
                99.95,
                99.95208333333333,
                99.95416666666667,
                99.95208333333333,
                99.94791666666667,
                99.95208333333333,
                99.95416666666667,
                99.96041666666666,
                99.95833333333333,
                99.96458333333334,
                99.95625,
                99.96041666666666,
                99.95416666666667,
                99.96666666666667,
                99.95833333333333,
                99.95416666666667,
                99.95208333333333,
                99.95833333333333,
                99.95208333333333
            ],
            "val_loss": [
                0.47141699649596663
            ],