{
    "cross_validation": {
        "mixed_fold_1": {
            "train_loss": [
                0.7209703634778658,
                0.5344896556561192,
                0.4784406596571207,
                0.44022824832300345,
                0.4151054442276557,
                0.3927908408120275,
                0.3770083674440781,
                0.3165585443675518,
                0.30343531535565854,
                0.298810203311344,
                0.2952625061397751,
                0.2910759968198836,
                0.2868674724114438,
                0.2839308358629545,
                0.27618770595639947,
                0.27371112650881213,
                0.2721588124260306,
                0.27217482558762035,
                0.2723071777969599,
                0.2714091488942504,
                0.27094823385588823,
                0.2697342013406257,
                0.2698573638703674,
                0.27064887049545844,
                0.27069623521591224
            ],
            "train_accuracy": [
                73.225,
                80.853125,
                82.69375,
                83.99375,
                84.7875,
                85.66979166666667,
                86.19479166666666,
                88.35625,
                88.825,
                89.00625,
                89.08645833333334,
                89.21458333333334,
                89.47395833333333,
                89.45416666666667,
                89.81770833333333,
                89.9,
                90.00625,
                89.896875,
                89.971875,
                90.09479166666667,
                89.99375,
                90.07291666666667,
                90.04479166666667,
                90.08333333333333,
                90.021875
            ],
            "val_loss": [
                0.326348556732138
            ],
            "val_accuracy": [
                88.21666666666667
            ]
        },
        "mixed_fold_2": {
            "train_loss": [
                0.6993900536497434,
                0.5342678205321233,
                0.47487671621640526,
                0.44238993868480125,
                0.4142392633805672,
                0.3951348798995217,
                0.37832736582805715,
                0.3171056870743632,
                0.3061481622246405,
                0.2996192330184082,
                0.2958883359630903,
                0.2917970425275465,
                0.28725552212943634,
                0.28458221070220074,
                0.27669753985106943,
                0.27440632217998306,
                0.2748914455734193,
                0.27365003306356567,
                0.2723372096394499,
                0.27149661297599476,
                0.27018783169488114,
                0.2700733551395436,
                0.270912508815527,
                0.2697827847674489,
                0.2700615960278859,
                0.2707607133667916,
                0.2703117697549363
            ],
            "train_accuracy": [
                74.225,
                80.721875,
                82.821875,
                83.79895833333333,
                84.81979166666666,
                85.528125,
                86.13854166666667,
                88.27395833333334,
                88.77291666666666,
                88.93645833333333,
                88.990625,
                89.18541666666667,
                89.37291666666667,
                89.47708333333334,
                89.74166666666666,
                89.80520833333334,
                89.85104166666666,
                89.85729166666667,
                89.94583333333334,
                89.92395833333333,
                89.928125,
                90.04270833333334,
                89.99791666666667,
                90.03645833333333,
                89.92291666666667,
                89.96770833333333,
                90.00208333333333
            ],
            "val_loss": [
                0.33117405914266906
            ],
            "val_accuracy": [
                87.9
            ]
        },
        "mixed_fold_3": {
            "train_loss": [
                0.7123427468339603,
                0.53234932936728,
                0.4744598185221354,
                0.44169807141770917,
                0.41615747775385775,
                0.3956369550625483,
                0.37805712191015484,
                0.31903941594064233,
                0.30613493743663034,
                0.30115711911519366,
                0.2966255251330634,
                0.2938010074744622,
                0.2877600919815401,
                0.2864592855386436,
                0.2772812326401472,
                0.2766357781688372,
                0.27494666816170016,
                0.27481240188640854,
                0.27407280334519846,
                0.27368524874808886,
                0.2726509857022514,
                0.27223685767998296,
                0.27097620435307423,
                0.27353387760867676,
                0.2715079348348081,
                0.2719459758996963,
                0.2708551054658989,
                0.27177576782430213,
                0.2709785019333164,
                0.26994653189803164,
                0.2703710452541709,
                0.27133034209907053,
                0.2718922055351237,
                0.2725495282299817,
                0.2727056817188859
            ],
            "train_accuracy": [
                73.24375,
                80.546875,
                82.71354166666667,
                83.79583333333333,
                84.746875,
                85.45625,
                86.06458333333333,
                88.20208333333333,
                88.61041666666667,
                88.746875,
                88.909375,
                89.08125,
                89.278125,
                89.29166666666667,
                89.66979166666667,
                89.72916666666667,
                89.87708333333333,
                89.76354166666667,
                89.81770833333333,
                89.89791666666666,
                89.89479166666666,
                89.83020833333333,
                89.90729166666667,
                89.86354166666666,
                89.84375,
                89.89375,
                89.91354166666666,
                89.87708333333333,
                89.89166666666667,
                89.97395833333333,
                89.95,
                89.925,
                89.92604166666666,
                89.86145833333333,
                89.79583333333333
            ],
            "val_loss": [
                0.320054641738534
            ],
            "val_accuracy": [
                88.43333333333334
            ]
        },
        "mixed_fold_4": {
            "train_loss": [
                0.7042978303680817,
                0.5254825517386198,
                0.468485620799164,
                0.4310574067334334,
                0.4059705863893032,
                0.38672432844837507,
                0.3718779212484757,
                0.30957513123750685,
                0.29738440020754936,
                0.2926264003838102,
                0.28816633542440834,
                0.2845854274444282,
                0.27987650580642126,
                0.2756003957428038,
                0.26848034842063984,
                0.26627933502942325,
                0.26599781079528234,
                0.2641025322203835,
                0.2652232119813561,
                0.26446907049541674,
                0.2649702521053453,
                0.2633263427807639,
                0.2638049152996391,
                0.26341503331499794,
                0.2623370395824313,
                0.26306319528445604,
                0.2624290585592389,
                0.2632167880212267,
                0.26095541042710346
            ],