{
    "cross_validation": {
        "polluted_fold_1": {
            "train_loss": [
                0.8455244205196698,
                0.61409048974514,
                0.5502732148369154,
                0.513961350997289,
                0.4961372562845548,
                0.47080403854946296,
                0.45832930875817934,
                0.38832069996992746,
                0.37650577641030153,
                0.3685761464287837,
                0.362612613722682,
                0.35709026729067167,
                0.3577255127827326,
                0.35409271012246607,
                0.3453205468108257,
                0.3390817392965158,
                0.3431617740268509,
                0.3426039747248093,
                0.33918238258361816,
                0.33781444704532626,
                0.33932931284606455,
                0.33862977219621343,
                0.3386682422608137,
                0.3384891401231289,
                0.33904779676596325,
                0.3367372357596954,
                0.33628745993971826,
                0.3397501633365949,
                0.3391817124933004,
                0.34026331242422264
            ],
            "train_accuracy": [
                67.64791666666666,
                77.48958333333333,
                79.81041666666667,
                81.30416666666666,
                81.86666666666666,
                82.65625,
                83.19166666666666,
                85.72916666666667,
                86.11041666666667,
                86.46666666666667,
                86.64375,
                86.925,
                86.83541666666666,
                86.91666666666667,
                87.21458333333334,
                87.42083333333333,
                87.20625,
                87.40625,
                87.48541666666667,
                87.54166666666667,
                87.5125,
                87.5,
                87.38125,
                87.48333333333333,
                87.57083333333334,
                87.43333333333334,
                87.54166666666667,
                87.54166666666667,
                87.44375,
                87.47708333333334
            ],
            "val_loss": [
                0.35306181327501934
            ],
            "val_accuracy": [
                86.80833333333334
            ]
        },
        "polluted_fold_2": {
            "train_loss": [
                0.8214429713090261,
                0.6147366448640823,
                0.5443799901207288,
                0.5090323674480121,
                0.4845907840679089,
                0.4625819885681073,
                0.444935841023922,
                0.3773479611823956,
                0.36724209315578143,
                0.36119885768989723,
                0.35731089680393535,
                0.3508938289483388,
                0.3481411209007104,
                0.3410837596853574,
                0.3355938724031051,
                0.332198509439826,
                0.32976518633464974,
                0.3308986037373543,
                0.3306447232166926,
                0.3321289346764485,
                0.33008094438413776,
                0.32934267787635324
            ],
            "train_accuracy": [
                69.125,
                77.575,
                80.24375,
                81.5,
                82.49583333333334,
                83.04166666666667,
                83.82916666666667,
                86.18541666666667,
                86.48333333333333,
                86.77083333333333,
                86.89166666666667,
                86.97916666666667,
                87.23333333333333,
                87.42291666666667,
                87.6375,
                87.67916666666666,
                87.87708333333333,
                87.82291666666667,
                87.76041666666667,
                87.79375,
                87.80625,
                87.82083333333334
            ],
            "val_loss": [
                0.3648269680539767
            ],
            "val_accuracy": [
                86.85
            ]
        },
        "polluted_fold_3": {
            "train_loss": [
                0.8322082600196202,
                0.6165255538721879,
                0.5535452320774397,
                0.5184941002825896,
                0.49270747220516203,
                0.47525056945780914,
                0.45721779638528826,
                0.38921799167990684,
                0.37613352220257124,
                0.3701592511733373,
                0.36645607648293177,
                0.35999955113232135,
                0.35455516357968253,
                0.35151389621943235,
                0.34332404631127916,
                0.34228342727075023,
                0.34329509206612907,
                0.3398489160637061,
                0.33996927076578143,
                0.34016446516911186,
                0.33924154948194823,
                0.33927743146568534,
                0.33800464834272864,
                0.3391393475234509,
                0.33919342438379924,
                0.33685861791421967,
                0.3377528223991394,
                0.3379757311095794,
                0.3368685569986701,
                0.33731303801884255,
                0.33788660199940207,
                0.33826923988262814,
                0.33708906031151614,
                0.3373188564578692,
                0.3390948437352975
            ],
            "train_accuracy": [
                68.50208333333333,
                77.62083333333334,
                79.82083333333334,
                81.23958333333333,
                82.27083333333333,
                82.91666666666667,
                83.38333333333334,
                85.72708333333334,
                86.35,
                86.54166666666667,
                86.63958333333333,
                86.86458333333333,
                86.98958333333333,
                87.25,
                87.39583333333333,
                87.47083333333333,
                87.45416666666667,
                87.43958333333333,
                87.4625,
                87.46875,
                87.60625,
                87.5625,
                87.52083333333333,
                87.58333333333333,
                87.52916666666667,
                87.66458333333334,
                87.59583333333333,
                87.61458333333333,
                87.67083333333333,
                87.68333333333334,
                87.57708333333333,
                87.64583333333333,
                87.60833333333333,
                87.50625,
                87.60833333333333
            ],
            "val_loss": [
                0.36263905531167984
            ],
            "val_accuracy": [
                86.90833333333333
            ]
        },
        "polluted_fold_4": {
            "train_loss": [
                0.8253880948623021,
                0.6092128324409326,
                0.5462254787882169,
                0.5113208346664906,
                0.4831936642676592,
                0.46475765947500863,
                0.4428633154133956,
                0.37770402446885903,
                0.3661488101532062,
                0.3616892393579086,
                0.3539917175322771,
                0.35303022687633834,
                0.34716451421628397,
                0.34494066415727137,
                0.3376885679264863,
                0.334537041756014,
                0.3330643231322368,
                0.3302742822517951,
                0.3329467117190361,
                0.33403878872593246,
                0.3303150807966789,
                0.3297562352369229,
                0.3301315192505717,
                0.3296641687105099,
                0.3297496387958527,
                0.32880561290681365,
                0.33131258433063826,
                0.3324777976423502,
                0.3314978482971589
            ],