{
    "cross_validation": {
        "original_fold_1": {
            "train_loss": [
                0.6612824589709441,
                0.4647099347462257,
                0.41324833522737026,
                0.3809368429829677,
                0.3547074253857136,
                0.3351779235055049,
                0.3161238992313544,
                0.24922560996562243,
                0.23405437711874644,
                0.22641792940348388,
                0.22014154682680964,
                0.21267182216017197,
                0.20723022194579244,
                0.20359274168560904,
                0.19079442813744146,
                0.18719847877323628,
                0.18625839912394682,
                0.18490204783032338,
                0.18523526952167352,
                0.1840005071250101,
                0.18331649525711935,
                0.18129250960052012,
                0.18199431282654405,
                0.18306822215020657,
                0.18178229857174058,
                0.1818361706814418,
                0.18130602014871935,
                0.18055403975521525,
                0.18163229423513014,
                0.18102450717488924,
                0.1825930307979385,
                0.18124585516378283,
                0.18110608522904417
            ],
            "train_accuracy": [
                75.77291666666666,
                83.57916666666667,
                85.18333333333334,
                86.36041666666667,
                87.175,
                87.92083333333333,
                88.45,
                91.05416666666666,
                91.4875,
                91.85,
                92.02708333333334,
                92.27083333333333,
                92.50625,
                92.54166666666667,
                93.02083333333333,
                93.2125,
                93.26666666666667,
                93.29375,
                93.32916666666667,
                93.33333333333333,
                93.35208333333334,
                93.38333333333334,
                93.36458333333333,
                93.34375,
                93.41041666666666,
                93.39791666666666,
                93.41041666666666,
                93.46041666666666,
                93.40416666666667,
                93.325,
                93.4125,
                93.4375,
                93.42291666666667
            ],
            "val_loss": [
                0.29431683737039566
            ],
            "val_accuracy": [
                89.975
            ]
        },
        "original_fold_2": {
            "train_loss": [
                0.6799368794063727,
                0.4746772810816765,
                0.42179160959025225,
                0.3879303862253825,
                0.3654766764293114,
                0.3422975482965509,
                0.3263438058098157,
                0.25844524354239307,
                0.24535674760490656,
                0.23716362263758978,
                0.2313696575053036,
                0.22628625705093144,
                0.21908369469518463,
                0.21513133434516687,
                0.20300606746474903,
                0.20110676165670158,
                0.20113481050605575,
                0.2005334210395813,
                0.20002836639682453,
                0.1991121618896723,
                0.1980998480170965,
                0.19794962095096708,
                0.19612926613166928,
                0.19523610219856102,
                0.19648921581481893,
                0.1960421559549868,
                0.19626496717333794,
                0.1943860339783132,
                0.193901520550251,
                0.19546072550490498,
                0.19565859120711684,
                0.19399415440609058,
                0.19519443775465092,
                0.1961851033878823,
                0.19497448731710512,
                0.19481276045863827,
                0.19425521933659912,
                0.19621970704446237,
                0.1954623381718993,
                0.19509962902093927
            ],
            "train_accuracy": [
                74.91041666666666,
                83.22291666666666,
                85.05208333333333,
                86.21041666666666,
                86.83958333333334,
                87.64791666666666,
                88.2125,
                90.6375,
                90.9625,
                91.34583333333333,
                91.56041666666667,
                91.65833333333333,
                91.93333333333334,
                92.10625,
                92.56875,
                92.65416666666667,
                92.58333333333333,
                92.60208333333334,
                92.58125,
                92.69375,
                92.70833333333333,
                92.72291666666666,
                92.73958333333333,
                92.66041666666666,
                92.78125,
                92.75833333333334,
                92.66458333333334,
                92.84583333333333,
                92.81875,
                92.83333333333333,
                92.78333333333333,
                92.84791666666666,
                92.82083333333334,
                92.78958333333334,
                92.86458333333333,
                92.79375,
                92.82708333333333,
                92.63958333333333,
                92.81666666666666,
                92.78333333333333
            ],
            "val_loss": [
                0.3121166856189569
            ],
            "val_accuracy": [
                89.21666666666667
            ]
        },
        "original_fold_3": {
            "train_loss": [
                0.655361752708753,
                0.46399649104475976,
                0.4068899706800779,
                0.3771580551167329,
                0.35310232785344126,
                0.3333939727817973,
                0.31543573282907406,
                0.2474176951770981,
                0.23359773347526788,
                0.22670681441326937,
                0.21989007846266032,
                0.2127092558716734,
                0.20787818251550197,
                0.20279964898278316,
                0.19018510757262508,
                0.18928764641657472,
                0.18833231530773142,
                0.18627589428673189,
                0.1851889768888553,
                0.18509157527859013,
                0.18472824229548374,
                0.18284258487199745,
                0.18290511926822364,
                0.1822528243996203,
                0.18303304908486703,
                0.18196615824475884,
                0.18197142940511307,
                0.18097071260834732,
                0.1820901590716094,
                0.18239734826485315,
                0.18185968508540343,
                0.1823677752117316,
                0.18228222790422538,
                0.18149690911918878,
                0.1819622011979421,
                0.18138301280575495,
                0.1812404652858774,
                0.18148369540646672
            ],